{"cameraMode":{"drawMode":0,"name":"Shaded","section":"Shading Mode"},"sceneLighting":true,"audioPlay":false,"sceneViewState":{"m_AlwaysRefresh":false,"showFog":true,"showSkybox":true,"showFlares":true,"showImageEffects":true,"showParticleSystems":true,"showVisualEffectGraphs":true,"m_FxEnabled":true},"in2DMode":false,"pivot":{"x":23.32241439819336,"y":-160.41354370117188,"z":69.45954895019531},"rotation":{"x":0.47346964478492739,"y":0.16791526973247529,"z":-0.09247129410505295,"w":0.8597171902656555},"size":168.58432006835938,"orthographic":false}